Model,MSE,RMSE,MAE,R²
xgboost,49386464.84053824,7027.550415367949,4968.858138572474,0.7628042093568126
ridge,62149647.30486756,7883.504760248931,5174.463924571169,0.7015045563947144
lasso,78967110.59307635,8886.344051018752,5288.8023682456305,0.6207328001222323
elastic_net,111482956.709566,10558.548986937836,8064.980138060326,0.46456406334514333
